{
  "feature_columns": [
    "Age",
    "Gender",
    "Department",
    "CGPA",
    "Sleep_Duration",
    "Study_Hours",
    "Social_Media_Hours",
    "Physical_Activity",
    "Stress_Level"
  ],
  "categorical_columns": [
    "Gender",
    "Department"
  ],
  "model_type": "XGBClassifier",
  "accuracy": 0.74005,
  "auc_roc": 0.693420503220393,
  "feature_importances": {
    "CGPA": 0.25157421827316284,
    "Stress_Level": 0.2407703697681427,
    "Sleep_Duration": 0.0827227458357811,
    "Physical_Activity": 0.07467946410179138,
    "Study_Hours": 0.07324421405792236,
    "Social_Media_Hours": 0.07320159673690796,
    "Department": 0.06973549723625183,
    "Gender": 0.06745292991399765,
    "Age": 0.06661892682313919
  },
  "classification_report": {
    "0": {
      "precision": 0.944093339815265,
      "recall": 0.7557260395819435,
      "f1-score": 0.8394726279062587,
      "support": 17988.0
    },
    "1": {
      "precision": 0.2154972326370291,
      "recall": 0.5999005964214712,
      "f1-score": 0.31708918954420073,
      "support": 2012.0
    },
    "accuracy": 0.74005,
    "macro avg": {
      "precision": 0.5797952862261471,
      "recall": 0.6778133180017074,
      "f1-score": 0.5782809087252296,
      "support": 20000.0
    },
    "weighted avg": {
      "precision": 0.8707965714331345,
      "recall": 0.74005,
      "f1-score": 0.7869208540070356,
      "support": 20000.0
    }
  },
  "target_classes": [
    "No Depression",
    "Depression"
  ],
  "dataset": "student_lifestyle_100k.csv",
  "n_train_samples": 80000,
  "n_test_samples": 20000
}